{
    "model_type": "FinBench_FTTransformer",
    "script_args": {
        "gcs_bucket": "licencjat_ml_classification",
        "metadata_uri": "gs://licencjat_ml_classification/FinBench/metadata/preprocessing_ft_metadata.json",
        "gcs_output_prefix": "FinBench/results/ft_transformer_run_20250514_181708",
        "epochs": 30,
        "batch_size": 256,
        "learning_rate": 0.0001,
        "weight_decay": 1e-05,
        "num_workers": 2,
        "early_stopping_patience": 10,
        "ft_d_token": 192,
        "ft_n_blocks": 3,
        "ft_attention_dropout": 0.2,
        "ft_ffn_dropout": 0.1,
        "ft_residual_dropout": 0.0,
        "ft_ffn_factor": 1.3333333333333333,
        "run_shap": false,
        "shap_background_sample_size": 50,
        "shap_explain_sample_size": 10
    },
    "device_used": "cuda",
    "metadata_source": "gs://licencjat_ml_classification/FinBench/metadata/preprocessing_ft_metadata.json",
    "n_numerical_features": 104,
    "categorical_cardinalities": [
        2,
        2,
        1,
        2,
        7,
        3,
        5,
        5,
        6,
        18,
        7,
        53,
        4,
        3,
        7,
        2
    ],
    "training_total_duration_seconds": 112.35065841674805,
    "epoch_training_losses": [
        0.6298348769545555,
        0.4444494225084782,
        0.3633416913449764,
        0.33675884157419206,
        0.30776949115097524,
        0.2825713012367487,
        0.2448920402675867,
        0.2272616695612669,
        0.21475571058690548,
        0.19943584091961383,
        0.19775722064077855,
        0.18718754649162292,
        0.19653215482831002,
        0.18150112740695476,
        0.17461999803781508,
        0.18767471835017205,
        0.17434196062386037,
        0.16751261819154023,
        0.16645825635641814,
        0.17004247512668372,
        0.16233600825071334,
        0.17054167725145816
    ],
    "epoch_validation_losses": [
        0.400105079015096,
        0.3564532498518626,
        0.2791106402873993,
        0.38072452942530316,
        0.39059679706891376,
        0.26515641808509827,
        0.2856169243653615,
        0.2995436489582062,
        0.2611677249272664,
        0.2577162931362788,
        0.26549547413984936,
        0.2520442605018616,
        0.2773430248101552,
        0.27033213277657825,
        0.3037552833557129,
        0.28090330958366394,
        0.27723270654678345,
        0.2756561040878296,
        0.3120728333791097,
        0.2745985786120097,
        0.27938010295232135,
        0.2606910616159439
    ],
    "epoch_validation_aucpr": [
        0.1510324627161026,
        0.15655338764190674,
        0.14887723326683044,
        0.14544731378555298,
        0.1492902785539627,
        0.15489284694194794,
        0.14878860116004944,
        0.18532516062259674,
        0.15253250300884247,
        0.1624111831188202,
        0.168519526720047,
        0.20802225172519684,
        0.17419928312301636,
        0.1433437615633011,
        0.15898382663726807,
        0.151315838098526,
        0.14448794722557068,
        0.15764255821704865,
        0.1357194483280182,
        0.15502440929412842,
        0.15943974256515503,
        0.1864587366580963
    ],
    "best_epoch_for_early_stopping": 12,
    "best_validation_loss": 0.2520442605018616,
    "best_epoch_validation_metrics": {
        "accuracy": 0.9286898970603943,
        "f1": 0.04444444552063942,
        "pr_auc": 0.20802225172519684,
        "precision": 1.0,
        "recall": 0.022727273404598236,
        "roc_auc": 0.72605299949646,
        "confusion_matrix": [
            [
                559,
                0
            ],
            [
                43,
                1
            ]
        ]
    },
    "test_set_evaluation_with_best_model": {
        "accuracy": 0.9368461966514587,
        "f1": 0.012121211737394333,
        "pr_auc": 0.10472855716943741,
        "precision": 0.1111111119389534,
        "recall": 0.006410256493836641,
        "roc_auc": 0.6652735471725464,
        "confusion_matrix": [
            [
                2417,
                8
            ],
            [
                155,
                1
            ]
        ]
    },
    "shap_analysis_run": false,
    "shap_top_numerical_features": null,
    "output_gcs_prefix": "gs://licencjat_ml_classification/FinBench/results/ft_transformer_run_20250514_181708",
    "saved_model_path": "gs://licencjat_ml_classification/FinBench/results/ft_transformer_run_20250514_181708/model/finbench_fttransformer_best_model.pt"
}